Q: What is the only way to keep your money from the casinos in Las Vegas?,A: When you get off the plane[COMMA] walk into the propellers.,,,,,,,,,,,,,,,,,,,
Children in the backseat can cause accidents.,Accidents in the backseat can cause children.,,,,,,,,,,,,,,,,,,,
Is there an airport nearby[COMMA] or is that my heart taking off?,,,,,,,,,,,,,,,,,,,,
"A blonde sees a flier on a bulletin board that reads[COMMA] ""Cruise -- Only $5."" She goes to the address on the flier and hands the receptionist $5.",The receptionist nods to a burly man reading a newspaper.,He walks over to the blonde and knocks her unconscious.,The blonde wakes up tied to a log floating down river.,To her right[COMMA] she sees one of her blonde friends.,Do you think they're going to serve food on this trip? she asks.," Her friend replies[COMMA] ""They didn't last year."" ",,,,,,,,,,,,,,
All those curves[COMMA] and me with no brakes.,,,,,,,,,,,,,,,,,,,,
Q: Why did the blonde take a right into the ditch?,A: Her blinker was on.,,,,,,,,,,,,,,,,,,,
Two guys get pulled over while drinking and driving.,"The driver tells his friend[COMMA] ""Peel the labels off these beer bottles[COMMA] and we'll each stick one on our forehead.",Now[COMMA] shove all of the bottles under the front seat.,"Just let me do all the talking.""",The cop walks up and shines his flashlight into the car.,Have you been drinking? he asks.,No[COMMA] sir[COMMA] the drunk answers.,We haven't had a thing to drink tonight.,Then what on earth are those beer labels doing on your foreheads?,We're both alcoholics[COMMA] says the drunk.,We're on the patch.,,,,,,,,,,
Q: Who has the right of way when four cars approach a four-way stop at the same time?,"A: The pick-up truck with the gun rack and the bumper sticker saying[COMMA] ""Guns don't kill people.","I do.""",Q: When driving through fog[COMMA] what should you use?,A: Your steering wheel.,Q: What is the difference between a flashing red traffic light and a flashing yellow traffic light?,A: The color.,Q: How do you deal with heavy traffic?,A: Heavy psychedelics.,,,,,,,,,,,,
Q: What did the blonde say when the airplane began to shake?,"A: ""Must be an earthquake.""",,,,,,,,,,,,,,,,,,,
Q: Why does the blonde keep a wire coat hanger in the backseat of her car?,A: In case she locks her keys inside.,,,,,,,,,,,,,,,,,,,
"Two men debate whether Hawaii is pronounced ""HaVaii"" or ""HaWaii.""","They ask a passerby[COMMA] who answers ""Havaii.""",Thank you[COMMA] says the satisfied first man.,You're velcome[COMMA] replies the passerby.,,,,,,,,,,,,,,,,,
A gentleman sits next to a priest on an airplane.,He sees the priest doing a crossword puzzle.,"Time passes and the priest says[COMMA] ""Excuse me[COMMA] sir[COMMA] but do you know a four letter word that describes a woman and ends in 'u-n-t'?""","The gentleman thinks about this and finally says[COMMA] ""I believe the word you're looking for is 'aunt.'""","The priest replies[COMMA] ""Oh[COMMA] you're right.",That fits[COMMA] too.,"Would you happen to have an eraser?""",,,,,,,,,,,,,,
Q: What invention did a blonde come up with that didn't pass the patent board?,A: Ejection seats in helicopters.,,,,,,,,,,,,,,,,,,,
Q: Why can't Helen Keller drive?,A: She's a woman.,,,,,,,,,,,,,,,,,,,
Knock[COMMA] Knock.,Who's there?,Cargo.,Cargo who?,Car go Beep Beep!,,,,,,,,,,,,,,,,
A blonde was taking helicopter lessons.,"The instructor said[COMMA] ""I'll radio you every 1[COMMA]000 feet to see how you're doing.""",At 1[COMMA]000 feet[COMMA] the instructor radioed her and said she was doing great.,At 2[COMMA]000 feet[COMMA] he said she was still doing well.,Right before she got to 3[COMMA]000 feet[COMMA] the propeller stopped[COMMA] and she twirled to the ground.,The instructor ran to where she crashed and pulled her out of the helicopter.,"He asked her[COMMA] ""What went wrong?""","The blonde said[COMMA] ""At 2[COMMA]500 feet[COMMA] I started to get cold[COMMA] so I turned the big fan off.""",,,,,,,,,,,,,
A cop pulls over a blonde for speeding and asks her for her license.,You cops should get it together[COMMA] she said.,One day you take away my license[COMMA] and the next day you ask me to show it to you.,,,,,,,,,,,,,,,,,,
A police officer pulls over a driver and informs him that he has just won $5[COMMA]000 in a safety competition[COMMA] all because he is wearing his seat belt.,What are you going to do with the prize money? the officer asks.,"The man responds[COMMA] ""I guess I'll go to driving school and get my license.""","His wife says[COMMA] ""Officer[COMMA] don't listen to him.","He's a smart aleck when he's drunk.""","The guy in the back seat pops up out from under the blanket and says[COMMA] ""I knew we wouldn't get far in this stolen car.""","Just then a knock comes from the trunk and a voice calls out[COMMA] ""Are we over the border yet?""",,,,,,,,,,,,,,
Q: Did you hear about the logger that went to Alaska?,A: He came back a husky f**ker.,,,,,,,,,,,,,,,,,,,
A few days after her husband's death[COMMA] a grieving widow accidentally receives an e-mail from a man waiting for his wife in Miami.,The e-mail reads:,Dearest Wife[COMMA],Just got checked in.,Everything prepared for your arrival tomorrow.,P.S.,Sure is hot down here.,,,,,,,,,,,,,,
A blonde buys a used sports car.,However[COMMA] during the first joy ride[COMMA] the engine jerks and the car slows to a stop.,The blonde calls a tow truck.,The mechanic sets to work[COMMA] and 10 minutes later[COMMA] the car is running again.,What was the matter? she asks.,Simple really[COMMA] just sh*t in the carburetor he replies.,"Taken aback she asks[COMMA] ""Oh[COMMA] how many times a week do I have to put that in?""",,,,,,,,,,,,,,
Q: Why do birds fly south for the winter?,A: It's too far to walk.,,,,,,,,,,,,,,,,,,,
She is so blonde that when she missed the 44 bus[COMMA] she took the 22 bus twice.,,,,,,,,,,,,,,,,,,,,
Two tourists were driving through Louisiana.,As they approached Natchitoches[COMMA] they started arguing about the pronunciation of the town.,They went back and forth until they stopped for lunch.,"At the counter[COMMA] one tourist asked the employee[COMMA] ""Before we order[COMMA] could you please settle an argument for us?","Would you please pronounce where we are very slowly?""","The guy leaned over the counter and said[COMMA] ""Burrr-gerrr Kiiing.""",,,,,,,,,,,,,,,
I got to Flagstaff[COMMA] Arizona[COMMA] and I asked the guy at the hotel[COMMA] 'Excuse me[COMMA] where can I find the black community?' 'Oh[COMMA] well he's on vacation this week.,We'll tell him you stopped by.',,,,,,,,,,,,,,,,,,,
Would you like some warm nuts?,,,,,,,,,,,,,,,,,,,,
A farmer is in the middle of plowing his field when his tractor runs out of gas.,He needs to get back to the farm[COMMA] but it's too far for him and his dog[COMMA] Old Joe[COMMA] to walk.,He wanders out to the road and flags down a sports car.,"The driver says[COMMA] ""I'll give you a ride[COMMA] but that dog can't get in my car.""","The farmer says[COMMA] ""Don't worry.","Old Joe will keep up.""",The driver decides to show off and open up the engine for max speed.,Just as he's going into fifth gear[COMMA] he looks out the window and sees Old Joe right beside him.,In amazement[COMMA] he slams on the brakes and Old Joe comes to a halt.,"The driver jumps out[COMMA] exclaiming[COMMA] ""He's the most incredible dog I've ever seen!","Is there something special about that collar he's wearing?""","The farmer shakes his head and says[COMMA] ""That's not a collar.",That's his a**hole.,"He's not used to stopping that fast.""",,,,,,,
Q: How many people can you fit in one Honda?,A: Well[COMMA] the Bible said that all 12 disciples were in one Accord.,,,,,,,,,,,,,,,,,,,
Want to get out of this place?,I've got an hour left before my bus pass expires.,,,,,,,,,,,,,,,,,,,
Four blondes drive to a bar in their old pickup truck.,Three sit in the cab[COMMA] and one sits in the bed of the truck.,The three blondes go into the bar and order a round of shots.,Almost an hour later[COMMA] the fourth blonde finally joins them.,Where have you been? they ask.,"She responds[COMMA] ""Well[COMMA] you all forgot to open the tailgate!"" ",,,,,,,,,,,,,,,
A blonde canvassed a wealthy neighborhood looking for odd jobs.,She went to the front door of the first house and asked the owner if he had anything for her to do.,"Well[COMMA] you can paint my porch.,How much will you charge?","She replied[COMMA] ""How about $50?""",The man agreed and told her the paint was in the garage.,A short time later[COMMA] the blonde came to the door to collect her money.,You're finished already? he asked.,"Yes[COMMA] the blonde answered[COMMA] ""and I had paint left over[COMMA] so I gave it two coats.""",Impressed[COMMA] the man reached in his pocket for the $50.,"And by the way[COMMA] the blonde added[COMMA] ""that's not a Porsche; it's a Ferrari.""",,,,,,,,,,,
A Scottish man[COMMA] an Englishman and an Irishman sit in a pub and discuss the best pubs around.,"The Englishman says[COMMA] ""There's a pub in the West Midlands where the landlord buys you a drink for every one that you buy.""","The Scot is not impressed and says[COMMA] ""That's nothing!","In the Highlands[COMMA] every time you buy a drink[COMMA] the landlord buys you five.""","The Irishman[COMMA] totally unimpressed[COMMA] says[COMMA] ""That's nothing.","In Dublin there's this pub where the landlord buys your drinks all night[COMMA] and then when the bar closes[COMMA] he takes you into a room and makes love to you.""",The Scot and Englishman are well impressed and ask if the Irishman goes there a lot.,"He replies ""No[COMMA] but my sister told me all about it.""",,,,,,,,,,,,,
A guy gets pulled over for speeding on a rainy day.,"The cop says[COMMA] ""Isn't it kind of stupid to be driving so fast in this weather?""","The driver says[COMMA] ""Who's stupid?",I'm dry in my car.,"You're the one who's standing out in the rain.""",,,,,,,,,,,,,,,,
-- None for me[COMMA] thanks.,That Skoal will do a number on your teeth.,-- Tampax!,Get your Tampax here!,-- Hey[COMMA] shut up!,I can't hear the race!,#NAME?,Man[COMMA] that's sick.,-- My God[COMMA] this is a splendid Merlot.,-- Hey[COMMA] you with the large breasts[COMMA] out of the way.,We're trying to watch a race here.,-- Jeeves[COMMA] be a good man and retrieve the Wall Street Journal from my attach,case.,Then fetch me some clotted cream for my scone.,-- What a coincidence[COMMA] Hank[COMMA] all my friends are boycotting Hooters[COMMA] too.,#NAME?,-- Good morning[COMMA] Mr.,Trickle.,We at 'Depends' understand you're looking for a new corporate sponsor.,-- Filling in for Dale 'The Intimidator' Earnhardt today is substitute driver[COMMA] Michael 'Lord of the Dance' Flatley.,-- And now[COMMA] singing our national anthem[COMMA] international recording artist Boy George.
A blonde's car breaks down.,A cop pulls up and inquires about the group of naked men standing next to her car.,"The blonde says[COMMA] ""They're my emergency flashers.""",,,,,,,,,,,,,,,,,,
It was a white lady in a convertible with the convertible down -- I walked past; she locked the door.,I smacked her in the back of the head.,,,,,,,,,,,,,,,,,,,
A man goes to his seat on an airplane and finds a parrot in the seat next to him.,"Once in the air[COMMA] the stewardess comes by[COMMA] and when the man asks her for a coffee[COMMA] the parrot squawks[COMMA] ""And get me a whiskey[COMMA] you cow!""",The flustered stewardess brings back a whiskey for the parrot[COMMA] but forgets the coffee.,"When the man points this out[COMMA] the parrot immediately drains its glass and yells[COMMA] ""And get me another whiskey[COMMA] you cow!""",The upset stewardess returns shortly with a whiskey for the parrot[COMMA] but still no coffee.,"The man decides to try the parrot's approach: ""I've asked you twice for a coffee[COMMA] cow[COMMA] now go and get it!""",Two burly stewards grab the man and the parrot[COMMA] take them to the emergency exit and throw them out.,"As they eject from the plane[COMMA] the parrot turns to the man and says[COMMA] ""You know[COMMA] for someone who can't fly[COMMA] you're a mouthy S.O.B.!""",,,,,,,,,,,,,
Mr.,"Johnson's wife of 50 years suggested they take a cruise: ""We could go somewhere for a week[COMMA] and make wild love like we did when we were young."" He thought it over and agreed.",He went to the pharmacy and bought a bottle of seasick pills and a tube of lubricant.,"Upon returning home[COMMA] his wife said ""I've been thinking[COMMA] there's no reason we can't go for a month.""",Mr.,Johnson went back to the pharmacy and asked for 12 bottles of seasick pills and a tube of lubricant.,"When he returned his wife said[COMMA] ""Since the children are on their own[COMMA] what's stopping us from cruising the world?""",He went back and bought 200 bottles of seasick pills and more tubes of lubricant.,"The pharmacist finally had to ask: ""You know[COMMA] Mr.","Johnson[COMMA] I don't mean to pry[COMMA] but if it makes you that sick[COMMA] why the hell do you do it?""",,,,,,,,,,,
When customs finds something in your butt[COMMA] how do you act surprised?,,,,,,,,,,,,,,,,,,,,
Sorry[COMMA] no creams or liquids allowed-- but if you leave your cream here[COMMA] I'll make you cream later.,,,,,,,,,,,,,,,,,,,,
Wow[COMMA] you have a lot of baggage.,Do you need to unload on me?,,,,,,,,,,,,,,,,,,,
Two girls speed down the highway at 90 mph.,Hey[COMMA] asks the brunette at the wheel.,Do you see any cops following us?,The blonde turns around.,As a matter of fact[COMMA] I do.,Damn! says the brunette.,Are his flashers on? ,The blonde turns around again.,"Yup.,Nope.,Yup.,Nope.,Yup.",,,,,,,,,,,,
Do you believe in love at first sight[COMMA] or should I push my beverage cart by you again?,,,,,,,,,,,,,,,,,,,,
Q: What's the difference between a dead skunk in the road and a dead lawyer in the road?,A: There are skid marks in front of the skunk.,,,,,,,,,,,,,,,,,,,
We don't allow smoking in the lavatories[COMMA] but we can make an exception for my pole.,,,,,,,,,,,,,,,,,,,,
Harry and Martha drank their coffee as they listened to the morning weather report.,"There will be three to five inches of snow today.,You must park your cars on the odd-numbered side of the street.",Harry got up from his coffee to move the car.,Two days later[COMMA] they sat down with their cup of coffee and listened the weather forecast.,"There will be two to four inches of snow today.,You must park your cars on the even-numbered side of the street.",Harry got up from his coffee to move the car.,Three days later[COMMA] they tuned in to the weather report.,"There will be six to eight inches of snow today.,You must park your cars on the...,. The power went off.","He said to Martha[COMMA] ""What am I going to do now?""","Martha said[COMMA] ""Just leave the car in the garage.""",,,,,,,,,,,
"She is so blonde[COMMA] when she went to the airport and saw a sign that said ""Airport Left[COMMA]"" she turned around and went back home.",,,,,,,,,,,,,,,,,,,,
Two ladies[COMMA] a Yankee and a Southern Belle[COMMA] are sitting next to each other on a plane.,"The Southern Belle turns to the Yankee and asks[COMMA] ""So[COMMA] where y'all from?""","The Yankee replies[COMMA] ""I am from a place where we do not end our sentences with a preposition.""","Without missing a beat[COMMA] the Southern Belle bats her lashes and asks[COMMA] ""So[COMMA] where y'all from[COMMA] bitch?""",,,,,,,,,,,,,,,,,
NASA decided to send a shuttle into space with two monkeys and an astronaut on board.,After months of training[COMMA] they placed all three in the shuttle and prepared for launch.,"Mission Control Center announced[COMMA] ""This is Mission Control to Monkey One.","Do your stuff.""",The first monkey began frantically typing and the shuttle took off.,"Two hours later[COMMA] NASA's mission control center announced[COMMA] ""This is Mission Control to Monkey Two.","Do your stuff.""",The second monkey started typing like mad and the shuttle separated from the empty fuel tanks.,"Another two hours later Mission Control Center announced[COMMA] ""This is Mission Control to Astronaut...",",At this[COMMA] the astronaut shouted I know[COMMA] I know -- feed the monkeys and don't touch anything.""",,,,,,,,,,,
Plane: How do you fly so fast?,Rocket: You'll know when your ass is on fire.,,,,,,,,,,,,,,,,,,,
A car slows down at a stop sign and keeps driving.,A cop sees him and pulls him over.,"The cop asks[COMMA] ""Why didn't you stop?""","The man says[COMMA] ""I slowed down.""",The cop pulls out his nightstick and starts beating him.,"Now[COMMA] the cop says[COMMA] ""do you want me to stop or slow down?""",,,,,,,,,,,,,,,
Two blondes wait at a bus stop.,A bus pulls up and opens the door.,"One of the blondes leans inside and asks the driver[COMMA] ""Will this bus take me to 5th Avenue?""","The bus driver says[COMMA] ""No[COMMA] I'm sorry.""","The other blonde leans inside and asks[COMMA] ""How about me?""",,,,,,,,,,,,,,,,
On the drive over to his girlfriend's house[COMMA] a guy listens to a call-in sex show on the radio.,The host is explaining that masturbating before sex can help men last longer.,The guy decides to give it a try.,He pulls his truck over on the side of the highway[COMMA] gets out and crawls underneath.,Satisfied with the privacy[COMMA] he undoes his pants[COMMA] closes his eyes and starts to masturbate.,Close to orgasm[COMMA] he feels a tap on the bottom of his boot.,"Not wanting to lose his fantasy when he's so close[COMMA] he squeezes his eyes shut tighter and stammers[COMMA] ""J-just checking the r-rear a-axle.","Almost g-got it!""",Well[COMMA] you might as well check your brakes while you're down there because your truck rolled down the hill five minutes ago.,,,,,,,,,,,,
Q: Why was the blonde disappointed with her trip to England?,A: She found out Big Ben was only a clock.,,,,,,,,,,,,,,,,,,,
A guy surprises his fiancee by having her name tattooed on his penis.,"In flowing script it says[COMMA] ""Wendy.""",On their Jamaican honeymoon[COMMA] he uses a public bathroom and sees a Jamaican man who seems to have the same name tattooed on his penis.,"The husband asks[COMMA] ""So your girl's name is Wendy[COMMA] too?""","The guy looks down at his penis and says[COMMA] ""No[COMMA] once de wrinkles come out[COMMA] it says[COMMA] 'Welcome to Jamaica[COMMA] mon!","Have a nice day.'""",,,,,,,,,,,,,,,
A policeman pulls a driver over for swerving in and out of lanes on the highway.,He tells the guy to blow into a breathalyzer.,"I can't do that[COMMA] officer -- I'm an asthmatic.,I could hae an asthma attack if I blow into that tube.",OK[COMMA] we'll just get a urine sample down at the station.,"Can't do that either[COMMA] officer.,I'm a diabetic.,I could get low blood sugar if I pee in a cup.",Alright[COMMA] we could get a blood sample.,"Can't do that either[COMMA] officer.,I'm a hemophiliac.,If I give blood[COMMA] I could die.",Fine then[COMMA] just walk this white line.,Can't do that either[COMMA] officer.,Why not?,Because I'm drunk. ,,,,,,,,,,
A Frenchman[COMMA] an Englishman and a New Yorker are exploring the jungle and are captured by a fierce tribe.,"The chief tells them[COMMA] ""The bad news is that we've caught you[COMMA] we're going to kill you[COMMA] and then use your skins to build a canoe.","The good news is that you get to choose how you die.""","The Frenchman says[COMMA] ""I take ze poison."" The chief gives him some poison; the Frenchman says[COMMA] ""Vive la France!"" and drinks it down.","The Englishman says[COMMA] ""A pistol for me[COMMA] please."" The chief gives him a pistol; the Brit points it at his head[COMMA] says[COMMA] ""God save the Queen!"" and blows his brains out.","The New Yorker says[COMMA] ""Gimme a fork."" The chief is puzzled[COMMA] but he shrugs and gives him a fork.",The New Yorker takes the fork and jabs himself all over -- the stomach[COMMA] the sides[COMMA] the chest[COMMA] everywhere.,Blood gushes from every hole.,"The chief screams[COMMA] ""What are you doing?""","The New Yorker looks at the chief and says[COMMA] ""So much for your canoe[COMMA] a**hole!""",,,,,,,,,,,
Q: Why is a blonde's top speed 68 mph?,A: Because at 69 she blows a rod.,,,,,,,,,,,,,,,,,,,
Q: Why does a traffic light turn red?,A: If you had to change in front of everyone[COMMA] you'd turn red[COMMA] too.,,,,,,,,,,,,,,,,,,,
Q: Four lawyers drive a minivan over a cliff.,What's the tragedy?,A: The minivan could've held eight lawyers.,,,,,,,,,,,,,,,,,,
A cheap tourist in a Mexican town known for prostitution picks up a hooker.,"After paying her[COMMA] he drives off[COMMA] shouting back[COMMA] ""El dollar[COMMA] counterfeito!""","The prostitute smiles and shouts back[COMMA] ""El syphilis[COMMA] originale!"" ",,,,,,,,,,,,,,,,,,
A man and his wife check into a cheap hotel.,The husband goes down to the bar[COMMA] but his tired wife goes up to the room to lie down.,Suddenly[COMMA] an elevated train passes by very close to the window[COMMA] shakes the room and throws her out of bed.,She lies down again[COMMA] but the same thing happens.,She calls the front desk[COMMA] and the manager comes up to investigate.,"The wife says[COMMA] ""Lie here on the bed[COMMA] you'll be thrown right to the floor.""",The manager lies down next to the wife just as her husband walks in.,What's going on here? demands the husband.,"The manager replies[COMMA] ""Would you believe I'm waiting for a train?""",,,,,,,,,,,,
A truck driver stopped at a roadside diner for lunch and ordered a cheeseburger[COMMA] coffee and a slice of apple pie.,As he was about to eat[COMMA] three bikers walked in.,One grabbed the trucker's cheeseburger and took a huge bite from it.,The second one drank the trucker's coffee[COMMA] and the third wolfed down his apple pie.,The truck driver didn't say a word as he paid the waitress and left.,"As the waitress walked up[COMMA] one of the motorcyclists growled[COMMA] ""He ain't much of a man[COMMA] is he?""",He's not much of a driver[COMMA] either[COMMA] the waitress replied.,He just backed his 18-wheeler over three motorcycles.,,,,,,,,,,,,,
That's why they call it a pick-up truck!,,,,,,,,,,,,,,,,,,,,
A young boy sits on the edge of the sidewalk[COMMA] eats some M&Ms[COMMA] cuts off the back end of a grasshopper[COMMA] and then moves down the curb.,He does this over and over.,His mother asks him what he's doing.,"He says[COMMA] ""I'm playing trucker.","I pop some pills[COMMA] cut off some a**hole and keep moving.""",,,,,,,,,,,,,,,,
Q: What do a Kenworth semi-truck and a test tube baby have in common?,A: Neither one's Peterbilt.,,,,,,,,,,,,,,,,,,,
Every day after work two blondes would look for their cars together.,Since they could never remember where they parked[COMMA] they would sit around until all the cars were gone and they could spot their vehicles.,"One blonde says ""We need to find a faster way to get home.""",The next day[COMMA] they come to work on a donkey.,After work they come out and see a donkey tied to the fence.,"I think we're going to have to wait again[COMMA] "" says the one blonde.",I'm not convinced that's our donkey.,Why not? asks the second blonde.,"The first blonde says[COMMA] ""Well[COMMA] this donkey only has one a**hole[COMMA] and this morning when we rode in[COMMA] I distinctly overhead someone say[COMMA] 'Hey look at those two a**holes on that donkey.'""",,,,,,,,,,,,
An elderly couple sets sail on a romantic cruise.,Unfortunately[COMMA] as the ship leaves the dock[COMMA] the wife's hearing aid falls out and rolls overboard.,Then[COMMA] the old couple find bunk beds in their suite.,"The husband sourly thinks[COMMA] ""Damn!","She can't hear a thing AND no sex for a week!""","That night[COMMA] the husband taps his wife on the shoulder and asks[COMMA] ""Up or down?""",She immediately throws him on the bed and makes love to him.,"Night after night[COMMA] she repeats this behavior every time he asks ""up or down?""",When they get home[COMMA] the husband goes out shopping for bunk beds to keep things spicy.,The wife returns with her new hearing aid and finds the bunk beds in the bedroom.,What in the hell did you get bunk beds for?,"Every night I asked you 'up or down[COMMA]' you made wild passionate love to me.,I thought they turned you on.","Is that what you were saying?,I thought you were asking 'f**k or drown!'",,,,,,,,
A man sits next to a very attractive woman on an airplane.,He asks her what kind of men she is interested in.,Her top three choices are Native American men[COMMA] Jewish men and Southern men.,The woman asks the man what his name is.,"He replies ""Geronimo Bernstein[COMMA] but my friends call me Bubba."" ",,,,,,,,,,,,,,,,
They're the only federal employee that I can think of that[COMMA] at any point[COMMA] they can flip you over and look in your butt.,That's too much power[COMMA] and I don't remember voting for that[COMMA] do you?,,,,,,,,,,,,,,,,,,,
"A wife comes home and tells her husband[COMMA] ""Dear[COMMA] something is wrong with my car.","It's got water in the carburetor.""","The husband replies[COMMA] ""That's not possible.""","Well[COMMA] says the wife[COMMA] ""I'm telling you that's the problem.""","The husband gets up and sighs[COMMA] ""OK[COMMA] fine.","Where'd you park it?""","The wife points toward the backyard[COMMA] ""In the swimming pool.""",,,,,,,,,,,,,,
-- I can't reach my license unless you hold my beer.,-- Sorry[COMMA] Officer[COMMA] I didn't realize I was driving.,-- Wow[COMMA] you must've been doing about 125 mph to keep up with me!,-- I was going to be a cop[COMMA] but I decided to finish high school instead.,-- You're not gonna check the trunk[COMMA] are you?,-- You look just like my girlfriend's deadbeat ex-husband.,#NAME?,-- I was trying to keep up with traffic[COMMA] and it's miles ahead of me.,-- If you have to ask if I've been drinking[COMMA] I'm not going to tell you[COMMA] dude.,-- It wasn't my fault -- when I reached down to roll this joint[COMMA] my gun fell off my lap and got lodged under the brake pedal.,-- That's a sweet 9mm.,You want to hold my,44 magnum?,-- If I'd known I was getting a full body cavity search[COMMA] I would have waxed!,,,,,,,
Ethel loves to charge around the nursing home in her wheelchair.,Due to her eccentric nature[COMMA] other residents tolerate her behavior and even play along.,As Ethel speeds down one corridor[COMMA] a door opens and a man steps out with his arm outstretched.,STOP! he says in a firm voice.,Have you got a license for that thing? Ethel fishes around in her handbag and pulls out a candy wrapper.,OK[COMMA] he says and she goes on her way.,"As she rounds the next corner[COMMA] another man steps in front of her and shouts[COMMA] ""STOP!","Do you have a valid taxi medallion for your vehicle[COMMA] madam?"" Ethel digs into her handbag again and pulls out a beer coaster.",Looks good[COMMA] he says and sends her on her way.,Going down the final corridor[COMMA] a third man steps in front of her.,He is stark naked and holds an erection in his hand.,"Oh no[COMMA] says Ethel[COMMA] ""Not the breathalyzer again!""",,,,,,,,,
A trucker misses the turn-off before the low bridge and gets stuck under it.,Cars are backed up for miles.,Finally[COMMA] a police car pulls up.,"The cop gets out of his car and walks around to the truck driver[COMMA] puts his hands on his hips and says[COMMA] ""Got stuck huh?""","The truck driver says[COMMA] ""No[COMMA] I was delivering this bridge and ran out of gas.""",,,,,,,,,,,,,,,,
A plane is passing through a storm when a wing is struck by lightning.,"One woman freaks out and screams[COMMA] ""I'm too young to die!",I want my last minutes of life to be satisfying.,I've had plenty of sex[COMMA] but I've never been fulfilled.,"Is there anyone on this plane who can make me feel like a woman?""",A gorgeous man stands up.,I can make you feel like a woman. He starts to walk slowly up the aisle[COMMA] unbuttoning his shirt one button at a time.,"Muscles ripple across his chest as he extends his shirt to the trembling woman and whispers[COMMA] ""Iron this."" ",,,,,,,,,,,,,
A senior citizen was driving down the freeway when his wife called his cell phone.,"Herman[COMMA] I just heard on the news that there's a car going the wrong way on Route 280.,Please be careful!","It's not just one car[COMMA] said Herman[COMMA] ""It's hundreds of them!""",,,,,,,,,,,,,,,,,,
Yo' Mama is like a race car: she burns through four rubbers a night.,,,,,,,,,,,,,,,,,,,,
"Yo' Mama is so fat[COMMA] her driver's license says[COMMA] ""picture continued on other side.""",,,,,,,,,,,,,,,,,,,,
"Yo' Mama is so dumb[COMMA] she left her car at a stop sign because it never changed to ""go.""",,,,,,,,,,,,,,,,,,,,
Yo' Mama is so dumb[COMMA] she locked her keys inside her motorcycle.,,,,,,,,,,,,,,,,,,,,
Yo' Mama is so fat[COMMA] when she's on the highway[COMMA] she has to stop at the weigh station.,,,,,,,,,,,,,,,,,,,,
Yo' Mama is so fat[COMMA] her car is made of spandex.,,,,,,,,,,,,,,,,,,,,
"Yo' Mama is so fat[COMMA] the last time she booked a flight[COMMA] her boarding ticket read[COMMA] ""Please allow up to 4-6 weeks for freight delivery.""",,,,,,,,,,,,,,,,,,,,
Yo' Mama is so stupid[COMMA] she didn't want the window seat on her flight because she thought the breeze might mess up her hair.,,,,,,,,,,,,,,,,,,,,
Q: How many New Yorkers does it take to screw in a light bulb?,A: One.,What are you -- stupid?,,,,,,,,,,,,,,,,,,
